{
  "sem_erro_conceitual [GEval]": {
    "average": 0.9482171461712042,
    "extremes": {
      "highest": {
        "score": 1.0000000000000002,
        "item_index": 23
      },
      "lowest": {
        "score": 0.6453576156890931,
        "item_index": 47
      }
    }
  },
  "eixos_cognitivos [GEval]": {
    "average": 0.9277328013128031,
    "extremes": {
      "highest": {
        "score": 0.9939913345618183,
        "item_index": 23
      },
      "lowest": {
        "score": 0.8009300905778407,
        "item_index": 47
      }
    }
  },
  "exigencia_cognitiva [GEval]": {
    "average": 0.9110943494281283,
    "extremes": {
      "highest": {
        "score": 0.996267311613631,
        "item_index": 25
      },
      "lowest": {
        "score": 0.5336164973410644,
        "item_index": 43
      }
    }
  },
  "enunciado [GEval]": {
    "average": 0.8994881008512026,
    "extremes": {
      "highest": {
        "score": 0.9777299861174692,
        "item_index": 0
      },
      "lowest": {
        "score": 0.8025140950727467,
        "item_index": 47
      }
    }
  },
  "alternativa_correta [GEval]": {
    "average": 0.8972332871544014,
    "extremes": {
      "highest": {
        "score": 0.9982013788458739,
        "item_index": 34
      },
      "lowest": {
        "score": 0.5802681503323173,
        "item_index": 12
      }
    }
  },
  "linguagem_inclusiva [GEval]": {
    "average": 0.8885161602501587,
    "extremes": {
      "highest": {
        "score": 0.95,
        "item_index": 34
      },
      "lowest": {
        "score": 0.6622459331201854,
        "item_index": 12
      }
    }
  },
  "distratores [GEval]": {
    "average": 0.8647681121363605,
    "extremes": {
      "highest": {
        "score": 0.9017986212034751,
        "item_index": 23
      },
      "lowest": {
        "score": 0.7265859636184366,
        "item_index": 45
      }
    }
  },
  "habilidade_enem [GEval]": {
    "average": 0.7918160124617263,
    "extremes": {
      "highest": {
        "score": 0.9437823499114202,
        "item_index": 34
      },
      "lowest": {
        "score": 0.404554551559294,
        "item_index": 11
      }
    }
  }
}